-- phpMyAdmin SQL Dump
-- version 5.1.1
-- https://www.phpmyadmin.net/
--
-- Host: 127.0.0.1
-- Creato il: Nov 08, 2022 alle 14:45
-- Versione del server: 10.4.19-MariaDB
-- Versione PHP: 8.0.7

SET SQL_MODE = "NO_AUTO_VALUE_ON_ZERO";
START TRANSACTION;
SET time_zone = "+00:00";


/*!40101 SET @OLD_CHARACTER_SET_CLIENT=@@CHARACTER_SET_CLIENT */;
/*!40101 SET @OLD_CHARACTER_SET_RESULTS=@@CHARACTER_SET_RESULTS */;
/*!40101 SET @OLD_COLLATION_CONNECTION=@@COLLATION_CONNECTION */;
/*!40101 SET NAMES utf8mb4 */;

--
-- Database: `newboxcoding`
--

-- --------------------------------------------------------

--
-- Struttura della tabella `tbl_category`
--

CREATE TABLE `tbl_category` (
  `id` int(11) NOT NULL,
  `name_category` mediumtext NOT NULL,
  `image_path` mediumtext NOT NULL,
  `link_path` mediumtext NOT NULL
) ENGINE=InnoDB DEFAULT CHARSET=utf8mb4;

--
-- Dump dei dati per la tabella `tbl_category`
--

INSERT INTO `tbl_category` (`id`, `name_category`, `image_path`, `link_path`) VALUES
(1, 'Buttons', 'assets/buttons.svg', 'assets/components/buttons'),
(2, 'Inputs', 'assets/inputs.svg', 'assets/components/inputs'),
(3, 'Cards', 'assets/cards.svg', 'assets/components/cards'),
(4, 'Badges', 'assets/badges.svg', 'assets/components/badges'),
(5, 'Footers', 'assets/footers.svg', 'assets/components/footers'),
(6, 'Headers', 'assets/headers.svg', 'assets/components/headers'),
(7, 'Banners', 'assets/banners.svg', 'assets/components/banners'),
(8, 'Checkboxes', 'assets/checkboxes.svg', 'assets/components/checkboxes'),
(9, 'Menus', 'assets/menus.svg', 'assets/components/menus'),
(10, 'Loaders', 'assets/loaders.svg', 'assets/components/loaders'),
(11, 'Pricing', 'assets/pricing.svg', 'assets/components/pricing'),
(12, 'Forms', 'assets/forms.svg', 'assets/components/forms'),
(13, 'Socials', 'assets/socials.svg', 'assets/components/socials'),
(14, 'Slideshows', 'assets/slideshows.svg', 'assets/components/slideshows'),
(15, 'Dropdowns', 'assets/dropdowns.svg', 'assets/components/dropdowns');

-- --------------------------------------------------------

--
-- Struttura della tabella `tbl_components`
--

CREATE TABLE `tbl_components` (
  `id` int(11) NOT NULL,
  `title` mediumtext NOT NULL,
  `id_category` int(11) NOT NULL,
  `html_code` longtext NOT NULL,
  `css_code` longtext NOT NULL,
  `javascript_code` longtext NOT NULL
) ENGINE=InnoDB DEFAULT CHARSET=utf8mb4;

--
-- Dump dei dati per la tabella `tbl_components`
--

INSERT INTO `tbl_components` (`id`, `title`, `id_category`, `html_code`, `css_code`, `javascript_code`) VALUES
(1, 'Button Hover Effect', 1, '<button class=\"cta\">\n    Hover me <i class=\"bx bx-right-arrow-alt\"></i>\n</button>', '/* ===== Boxicons CSS ===== */\n@import url(\"https://unpkg.com/boxicons@2.1.1/css/boxicons.min.css\");\n\n.cta {\n    display: flex;\n    align-items: center;\n    color: rgb(0, 0, 0);\n    background: none;\n    border: none;\n    padding: 12px 18px;\n    position: relative;\n    font-size: 1em;\n    cursor: pointer;\n    font-weight: 500;\n}\n.cta .bx {\n    font-size: 1.3em;\n    margin-left: 15px;\n}\n.cta:before {\n    content: \"\";\n    position: absolute;\n    top: 50%;\n    transform: translateY(-50%)\n    translateX(calc(100% + 32px));\n    width: 45px;\n    height: 45px;\n    background: #C3C3C3;\n    border-radius: 50em;\n    transition: transform .25s .25s\n    cubic-bezier(0, 0, .5, 2), width\n    .25s cubic-bezier(0, 0, .5, 2);\n    z-index: -1;\n}\n.cta:hover::before {\n    width: 100%;\n    transform: translateY( -50%)\n    translateX(-18px);\n    transition: transform .25s\n    cubic-bezier(0, 0, .5, 2), width\n    .25s .25s cubic-bezier(0, 0, .5, 2);\n}\n.cta i {\n    margin-left: 5px;\n    transition: transform .25s .4s\n    cubic-bezier(0, 0, .5, 2);\n}\n.cta:hover i {\n    transform: translateX(3px);\n}', ''),
(2, 'Input Animation', 2, '<div class=\"input-cont\">\r\n    <input type=\"text\" name=\"name\" id=\"fullname\" placeholder=\"Fullname\" required>\r\n    <label for=\"name\">Name</label>\r\n</div>', '.input-cont {\r\n    position: relative;\r\n    display: flex;\r\n    flex-flow: column-reverse;\r\n    justify-content: center;\r\n    border: 0;\r\n    cursor: text;\r\n    transition: .2s;\r\n}\r\n.input-cont input {\r\n    padding: 5px 1px;\r\n    width: 250px;\r\n    font-size: 15px;\r\n    border: 0;\r\n    background-color: rgb(0, 0, 0, 0);\r\n    outline: 0;\r\n    font-size: 15px;\r\n    border-bottom: 1px solid rgb(150, 150, 150);\r\n    color: rgb(0, 0, 0, 1)\r\n}\r\n.input-cont input::-webkit-input-placeholder {\r\n    opacity: 0;\r\n}\r\n.input-cont input::-moz-placeholder {\r\n    color: transparent !important;\r\n}\r\n\r\n.input-cont::after {\r\n    content: \"\";\r\n    position: absolute;\r\n    left: 0;\r\n    bottom: 0;\r\n    width: 100%;\r\n    height: 2px;\r\n    transform: scaleX(0);\r\n    transform-origin: center;\r\n    transition: .3s;\r\n}\r\n.input-cont:focus-within::after {\r\n    transform: scaleX(1);\r\n    /* Animated line\'s color */\r\n    background-color: rgb(0, 0, 0) !important;\r\n}\r\n\r\n.input-cont input + label {\r\n    transform-origin: left;\r\n    color: rgb(120, 120, 120);\r\n    cursor: text;\r\n    font-size: 15px;\r\n    user-select: none;\r\n    pointer-events: none;\r\n    transform: translate(0, 120%) scale(1);\r\n    transition: all 0.2s;\r\n}\r\n.input-cont input:not(:placeholder-shown) + label,\r\n.input-cont input:focus + label {\r\n    transform: translate(0, 20%) scale(.8);\r\n}', ''),
(3, 'Submit Button', 1, '<button class=\"submit\">\n    <span class=\"text\">Submit</span>\n    <i class=\"bx bx-check icon\"></i>\n</button>', '.submit {\n    position: relative;\n    width: 120px;\n    height: 50px;\n    font-size: 1em;\n    background-color: rgb(20, 20, 20);\n    color: #fff;\n    border: none;\n    border-radius: 10px;\n    cursor: pointer;\n    transition: width .5s,\n    border-radius .5s;\n}\n.submit *{\n    position: absolute;\n    top: 50%;\n    left: 50%;\n    transform: translate(-50%, -50%);\n    transition: opacity .25s;\n}\n.submit .icon{\n    opacity: 0;\n    font-size: 1.4em;\n}\n.submit .icon, .submit .text {\n    pointer-events: none;\n}\n.submit-animation {\n    width: 50px;\n    background-color: #44c08a;\n    border-radius: 50%;\n}\n.submit-animation .text {\n    opacity: 0;\n}\n.submit-animation .icon {\n    opacity: 1;\n    transition-delay: .5s;\n}', 'const submits = document.querySelectorAll(\".submit\");\nsubmits.forEach((submit, index) => {\n    submit.addEventListener(\"click\", handleOnClickSubmit);\n});\n\nfunction handleOnClickSubmit(e) {\n    e.target.classList.toggle(\"submit-animation\");\n}'),
(4, 'OTP Input Field', 2, '<div class=\"otp-field\">\n    <input type=\"text\" maxlength=\"1\" />\n    <input type=\"text\" maxlength=\"1\" />\n    <input class=\"space\" type=\"text\" maxlength=\"1\" />\n    <input type=\"text\" maxlength=\"1\" />\n    <input type=\"text\" maxlength=\"1\" />\n    <input type=\"text\" maxlength=\"1\" />\n</div>', '.otp-field {\r\n    display: flex;\r\n}\r\n.otp-field input {\r\n    width: 37px;\r\n    font-size: 1.1em;\r\n    font-weight: 500;\r\n    padding: 10px;\r\n    text-align: center;\r\n    border-radius: 5px;\r\n    margin: 4px;\r\n    border: 2px solid rgb(0, 0, 0, .2);\r\n    background: rgb(0, 0, 0, .1);\r\n    color: rgb(0, 0, 0, .8);\r\n    outline: none;\r\n    transition: all 0.1s;\r\n}\r\n\r\n.otp-field input:focus {\r\n    border: 2px solid rgb(85, 73, 241);\r\n    box-shadow: 0 0 2px 2px rgb(85, 73, 241, .3);\r\n}\r\n.disabled {\r\n    opacity: 0.5;\r\n}\r\n.space {\r\n    margin-right: 1rem !important;\r\n}', 'const inputs = document.querySelectorAll(\".otp-field input\");\ninputs.forEach((input, index) => {\n    input.dataset.index = index;\n    input.addEventListener(\"paste\", handleOnPasteOtp);\n    input.addEventListener(\"keyup\", handleOtp);\n});\n\nfunction handleOnPasteOtp(e) {\n    const data = e.clipboardData.getData(\"text\");\n    const value = data.split(\"\");\n    if (value.length == inputs.length) {\n        inputs.forEach((input, index) => (input.value = value[index]));\n        submit();\n    }\n}\n\nfunction handleOtp(e) {\n    const input = e.target;\n    let value = input.value;\n    input.value = \"\";\n    input.value = value ? value[0] : \"\";\n\n    let fieldIndex = input.dataset.index;\n    if (value.length > 0 && fieldIndex < inputs.length - 1) {\n        input.nextElementSibling.focus();\n    }\n\n    if (e.key == \"Backspace\" && fieldIndex > 0) {\n        input.previousElementSibling.focus();\n    }\n\n    if (fieldIndex == inputs.length - 1) {\n        submit();\n    }\n}\n\nfunction submit() {\n    let otp = \"\";\n    inputs.forEach((input) => {\n        otp += input.value;\n        input.disabled = true;\n        input.classList.add(\"disabled\");\n    });\n    console.log(otp);\n}'),
(5, 'Button Hover Effect', 1, '<button class=\"butt-slideshow\">\r\n    <i class=\'bx bxs-slideshow\'></i>Slideshow\r\n</button>', '/* ===== Boxicons CSS ===== */\r\n@import url(\'https://unpkg.com/boxicons@2.1.1/css/boxicons.min.css\');\r\n\r\n.butt-slideshow {\r\n    display: flex;\r\n    align-items: center;\r\n    gap: 10px;\r\n    border: 0;\r\n    outline: 0;\r\n    color: #fff;\r\n    background-color: #5549F1;\r\n    cursor: pointer;\r\n    padding: 16px 35px;\r\n    font-size: 1em;\r\n    border-radius: 50rem;\r\n    transition: .2s linear;\r\n}\r\n.butt-slideshow:hover {\r\n    transform: translateY(-3px);\r\n    background-color: #463bd4;\r\n}\r\n.butt-slideshow:active {\r\n    transform: translateY(0);\r\n}\r\n.butt-slideshow i {\r\n    font-size: 1.3em;\r\n}', ''),
(6, 'Link Hover Effect', 1, '<div class=\"link\">\r\n    Hover me\r\n</div>', '.link {\r\n    position: relative;\r\n    font-size: 1em;\r\n    font-weight: 500;\r\n    color: rgb(0, 0, 0, 1);\r\n    cursor: pointer;\r\n    line-height: 30px;\r\n}\r\n.link::after {\r\n    content: \"\";\r\n    position: absolute;\r\n    left: 0;\r\n    bottom: 0;\r\n    width: 99%;\r\n    height: 2px;\r\n    transform-origin: left;\r\n    transform: scaleX(0);\r\n    transition: .3s;\r\n    background-color: rgb(0, 0, 0, .9);\r\n}\r\n.link:hover::after {\r\n    transform: scaleX(1);\r\n}', ''),
(7, 'Card Animation', 3, '<div class=\"cardLink\">\r\n    <a href=\"#\">\r\n        <div>\r\n            <i class=\'bx bxl-visual-studio\'></i>\r\n            <strong>Visual Studio Code</strong>\r\n            <p>Free coding editor in any programming language.</p>\r\n        </div>\r\n        <span>Download Now</span>\r\n    </a>\r\n</div>', '/* ===== Boxicons CSS ===== */\r\n@import url(\'https://unpkg.com/boxicons@2.1.1/css/boxicons.min.css\');\r\n\r\n.cardLink {\r\n    position: relative;\r\n    border-radius: 20px;\r\n    background-color: rgb(220, 220, 220);\r\n    width: 250px;\r\n    padding: 40px 20px;\r\n    transition: .2s;\r\n    overflow: hidden;\r\n    user-select: none;\r\n    box-sizing: border-box;\r\n}\r\n.cardLink:hover {\r\n    background-color: #E8E2F7;\r\n}\r\n.cardLink:hover > a div {\r\n    opacity: 0;\r\n}\r\n.cardLink:hover > a span {\r\n    opacity: 1;\r\n    transform: translate(-50%, -50%);\r\n    top: 50%;\r\n}\r\n\r\n.cardLink a {\r\n    color: #000;\r\n    text-decoration: none;\r\n    text-align: center;\r\n}\r\n.cardLink a div {\r\n    display: flex;\r\n    flex-direction: column;\r\n    gap: 20px;\r\n    opacity: 1;\r\n    transition: .2s;\r\n}\r\n.cardLink i {\r\n    font-size: 50px;\r\n}\r\n.cardLink strong {\r\n    font-size: 24px;\r\n    font-weight: 700;\r\n}\r\n.cardLink p {\r\n    font-size: 16px;\r\n    line-height: 25px;\r\n}\r\n.cardLink span {\r\n    color: #873ADF;\r\n    font-weight: 700;\r\n    font-size: 30px;\r\n    line-height: 42px;\r\n    opacity: 0;\r\n    transition: .2s;\r\n    position: absolute;\r\n    top: 100%;\r\n    left: 50%;\r\n    transform: translate(-50%, 0%);\r\n}', ''),
(8, 'Social Buttons', 13, '<div class=\"socialButton\">\r\n    <a><i class=\'bx bxl-instagram-alt\'></i></a>\r\n    <a><i class=\'bx bxl-facebook\'></i></a>\r\n    <a><i class=\'bx bxl-twitter\'></i></a>\r\n    <a><i class=\'bx bxl-discord-alt\'></i></a>\r\n</div>', '/* ===== Boxicons CSS ===== */\r\n@import url(\'https://unpkg.com/boxicons@2.1.1/css/boxicons.min.css\');\r\n\r\n.socialButton {\r\n    display: flex;\r\n    align-items: center;\r\n    gap: 25px;\r\n    cursor: pointer;\r\n}\r\n.socialButton i {\r\n    font-size: 1.9em;\r\n    text-decoration: none;\r\n    color: rgb(0, 0, 0);\r\n    transition: .3s;\r\n    opacity: .5;\r\n    transform: translateY(0);\r\n}\r\n.socialButton i:hover {\r\n    opacity: 1;\r\n    transform: translateY(-4px);\r\n}', ''),
(9, 'Slider Skills', 3, '<div class=\"skills\">\r\n    <div class=\"skillsCont\">\r\n        <div class=\"title\"><p>HTML</p><p>90%</p></div>\r\n        <div class=\"slider\"><div style=\"width: 90%;\"></div></div>\r\n    </div>\r\n    <div class=\"skillsCont\">\r\n        <div class=\"title\"><p>CSS</p><p>76%</p></div>\r\n        <div class=\"slider\"><div style=\"width: 76%;\"></div></div>\r\n    </div>\r\n    <div class=\"skillsCont\">\r\n        <div class=\"title\"><p>JavaScript</p><p>82%</p></div>\r\n        <div class=\"slider\"><div style=\"width: 82%;\"></div></div>\r\n    </div>\r\n    <div class=\"skillsCont\">\r\n        <div class=\"title\"><p>PHP</p><p>67%</p></div>\r\n        <div class=\"slider\"><div style=\"width: 67%;\"></div></div>\r\n    </div>\r\n</div>', '.skills {\r\n    display: flex;\r\n    flex-direction: column;\r\n}\r\n.skillsCont {\r\n    margin: 20px 0;\r\n    width: 300px;\r\n    display: flex;\r\n    flex-direction: column;\r\n    gap: 5px;\r\n}\r\n.skillsCont .title {\r\n    display: flex;\r\n    justify-content: space-between;\r\n    font-size: 1em;\r\n    color: rgb(0, 0, 0);\r\n}\r\n.skillsCont .slider {\r\n    height: 8px;\r\n    background-color: rgb(85, 73, 241, .5);\r\n    border-radius: 50em;\r\n    width: 100%;\r\n}\r\n.skillsCont .slider div {\r\n    height: 8px;\r\n    background-color: rgb(85, 73, 241);\r\n    border-radius: 50em;\r\n}', ''),
(10, 'Input From', 2, '<div class=\"contField\">\r\n    <div class=\"box\">\r\n        <input class=\"input\" type=\"text\" name=\"fullname\" id=\"fullname\" placeholder=\"Fullname\">\r\n        <label for=\"fullname\">Fullname</label>\r\n    </div>\r\n    <div class=\"box\">\r\n        <input class=\"input\" type=\"text\" name=\"email\" id=\"email\" placeholder=\"Email\">\r\n        <label for=\"email\">Email</label>\r\n    </div>\r\n    <div class=\"box\">\r\n        <textarea class=\"input\" type=\"text\" name=\"description\" id=\"description\" placeholder=\"Description\"></textarea>\r\n        <label for=\"description\">Description</label>\r\n    </div> \r\n</div>', '.contField {\r\n    display: flex;\r\n    flex-direction: column;\r\n    gap: 30px;\r\n    align-items: center;\r\n}\r\n\r\n.contField .box {\r\n    display: flex;\r\n    flex-flow: column-reverse;\r\n    justify-content: center;\r\n    border: 0;\r\n    width: 450px;\r\n    border-radius: 5px;\r\n    padding: 4px 15px 6px;\r\n    font-size: 1em;\r\n    cursor: text;\r\n    background-color: rgb(0, 0, 0, .1);\r\n    transition: .3s;\r\n}\r\n.contField .box:hover {\r\n    background-color: rgb(0, 0, 0, .1);\r\n}\r\n.contField .box:focus-within {\r\n    background-color: rgb(0, 0, 0, .2);\r\n}\r\n\r\n.contField .box .input::-webkit-input-placeholder {\r\n    opacity: 0;\r\n}\r\n.contField .box .input::-moz-placeholder {\r\n    color: transparent !important;\r\n}\r\n\r\n.contField .box textarea {\r\n    resize: none;\r\n    height: 150px;\r\n}\r\n\r\n.contField .box .input {\r\n    border: 0;\r\n    background-color: rgb(0, 0, 0, 0);\r\n    outline: 0;\r\n    font-size: 1em;\r\n    transition: all 0.2s;\r\n    color: rgb(0, 0, 0);\r\n    padding: 30px 0 10px;\r\n    margin: -30px 0 -10px;\r\n}\r\n.contField .box .input + label {\r\n    transform-origin: left;\r\n    color: rgb(0, 0, 0, .6);\r\n    cursor: text;\r\n    font-size: 1em;\r\n    user-select: none;\r\n    transition: all 0.2s;\r\n}\r\n.contField .box .input + label {\r\n    transform: translate(0, 50%) scale(1);\r\n    pointer-events: none;\r\n}\r\n.contField .box .input:not(:placeholder-shown) + label,\r\n.contField .box .input:focus + label {\r\n    transform: translate(0, 0) scale(.8);\r\n}\r\n\r\n@media only screen and (max-width: 830px) {\r\n\r\n    .contField .box {\r\n        width: 300px;\r\n    }\r\n\r\n}', ''),
(11, 'CheckBox Input', 8, '<div class=\"form-check\">\r\n    <input type=\"checkbox\" id=\"check\" />\r\n    <label for=\"check\"><span>I accept the Terms of Use</span></label>\r\n</div>', '.form-check label {\r\n    color: rgb(0, 0, 0);\r\n    position: relative;\r\n    display: flex;\r\n    align-items: center;\r\n    gap: 5px;\r\n    cursor: pointer;\r\n    user-select: none;\r\n}\r\n.form-check label span {\r\n    transform: translateX(15%);;\r\n}\r\n\r\n.form-check input[type=\"checkbox\"] {\r\n    display: none;\r\n}\r\n.form-check label::after {\r\n    content: \"\";\r\n    border: 2px solid rgb(0, 0, 0, .8);\r\n    width: 18px;\r\n    height: 18px;\r\n    position: absolute;\r\n    top: 50%;\r\n    transform: translateY(-50%);\r\n    border-radius: 4px;\r\n    transition: .3s;\r\n}\r\n.form-check label::before {\r\n    content: \"\";\r\n    background-image: url(\"data:image/svg+xml,%3Csvg xmlns=\'http://www.w3.org/2000/svg\' width=\'24\' height=\'24\' style=\'fill: rgba(85, 73, 241, 1);transform: ;msFilter:;\'><path d=\'M7 5a2 2 0 0 0-2 2v10a2 2 0 0 0 2 2h10a2 2 0 0 0 2-2V7a2 2 0 0 0-2-2H7zm4 10.414-2.707-2.707 1.414-1.414L11 12.586l3.793-3.793 1.414 1.414L11 15.414z\'></path></svg>\");\r\n    background-position: center;\r\n    background-size: contain;\r\n    width: 22px;\r\n    height: 22px;\r\n    position: absolute;\r\n    background-position: center;\r\n    background-size: 35px;\r\n    transition: .3s;\r\n\r\n    transform: scale(0) rotateZ(180deg);\r\n    transition: all 0.4s cubic-bezier(0.54, 0.01, 0, 1.49);\r\n}\r\n.form-check input[type=\"checkbox\"]:checked + label::before {\r\n    transform: scale(1) rotateZ(0deg);\r\n}\r\n.form-check input[type=\"checkbox\"]:checked + label::after {\r\n    border: 2px solid rgb(255, 255, 255, 0);\r\n}', ''),
(12, 'Switch Input', 8, '<div class=\"switch\">\r\n    <input type=\"checkbox\" id=\"switch\" checked />\r\n    <label for=\"switch\"></label>\r\n</div>', '.switch {\r\n    display: flex;\r\n}\r\n\r\n.switch input[type=checkbox]{\r\n    height: 0;\r\n    width: 0;\r\n    visibility: hidden;\r\n}\r\n\r\n.switch label {\r\n    cursor: pointer;\r\n    width: 45px;\r\n    height: 20px;\r\n    background-color: rgb(0, 0, 0, .2);\r\n    display: block;\r\n    border-radius: 50em;\r\n    position: relative;\r\n    transition: .3s;\r\n    padding: 4px;\r\n    box-sizing: content-box;\r\n}\r\n\r\n.switch label:after {\r\n    content: \'\';\r\n    position: absolute;\r\n    width: 20px;\r\n    height: 20px;\r\n    background-color: #fff;\r\n    border-radius: 50em;\r\n    transition: .3s;\r\n}\r\n\r\n.switch input:checked + label {\r\n    background-color: #5549F1;\r\n}\r\n\r\n.switch input:checked + label:after {\r\n    transform: translateX(calc(100% + 5px));\r\n}', ''),
(13, 'Button Focus Effect', 1, '<button class=\"butt-focus\">\r\n    <i class=\'bx bx-cart\'></i>Buy Template\r\n</button>', '/* ===== Boxicons CSS ===== */\r\n@import url(\'https://unpkg.com/boxicons@2.1.1/css/boxicons.min.css\');\r\n\r\n.butt-focus {\r\n    display: flex;\r\n    align-items: center;\r\n    gap: 10px;\r\n    border: 0;\r\n    outline: 0;\r\n    color: #fff;\r\n    background-color: #5549F1;\r\n    cursor: pointer;\r\n    padding: 16px 30px;\r\n    font-size: 1em;\r\n    border-radius: 10px;\r\n    transition: .2s linear;\r\n}\r\n.butt-focus:hover,\r\n.butt-focus:focus {\r\n    background-color: #463bd4;\r\n}\r\n.butt-focus i {\r\n    font-size: 1.3em;\r\n}', ''),
(14, 'Loader Animation', 10, '<div class=\"loading\"></div>', '.loading {\r\n  border: 4px solid #131313;\r\n  border-radius: 50em;\r\n  border-top: 4px solid rgb(0, 0, 0, 0);\r\n  width: 30px;\r\n  height: 30px;\r\n  animation: spin 2s linear infinite;\r\n}\r\n\r\n@keyframes spin {\r\n  0% { transform: rotate(0deg); }\r\n  100% { transform: rotate(360deg); }\r\n}', ''),
(15, 'Search Input', 2, '<div class=\"inputSearch\">\r\n    <input type=\"text\" id=\"search\" placeholder=\"Search\">\r\n    <a href=\"#\"><i class=\'bx bx-search\'></i></a>\r\n</div>', '/* ===== Boxicons CSS ===== */\r\n@import url(\'https://unpkg.com/boxicons@2.1.1/css/boxicons.min.css\');\r\n\r\n.inputSearch {\r\n    display: flex;\r\n    align-items: center;\r\n    border: 1px solid rgb(0, 0, 0, .3);\r\n    outline: 0px solid rgb(0, 0, 0, 0);\r\n    border-radius: 10px;\r\n    transition: .3s;\r\n}\r\n.inputSearch input {\r\n    background-color: rgb(0, 0, 0, 0);\r\n    color: rgb(0, 0, 0);\r\n    outline: 0;\r\n    border: 0;\r\n    font-size: 1em;\r\n    padding: 12px 16px;\r\n}\r\n.inputSearch:focus-within {\r\n    outline: 1px solid #5549F1;\r\n}\r\n\r\n.inputSearch a {\r\n    color: rgb(0, 0, 0, .6);\r\n    text-decoration: none;\r\n    padding: 0 10px;\r\n    line-height: 0;\r\n}', ''),
(16, 'Upload Button', 1, '<div class=\"upload-button\">\r\n    <label>\r\n        <input type=\"file\" />\r\n        <i class=\'bx bx-upload\'></i>\r\n    </label>\r\n    <span>Browse ...</span>\r\n</div>', '/* ===== Boxicons CSS ===== */\r\n@import url(\"https://unpkg.com/boxicons@2.1.1/css/boxicons.min.css\");\r\n\r\n.upload-button input[type=\"file\"] {\r\n    display: none;\r\n}\r\n.upload-button {\r\n    display: flex;\r\n    align-items: center;\r\n    gap: 10px;\r\n}\r\n.upload-button > label {\r\n    display: flex;\r\n    padding: 16px;\r\n    background-color: #5549F1;\r\n    color: #fff;\r\n    font-size: 1.5em;\r\n    border-radius: 50em;\r\n    cursor: pointer;\r\n    transition: .3s;\r\n}\r\n.upload-button > label:hover {\r\n    background-color: #463bd4;\r\n}\r\n.upload-button span {\r\n    color: rgb(0, 0, 0);\r\n    font-size: 1em;\r\n}', 'const files = document.querySelectorAll(\".upload-button\");\r\nfiles.forEach((file, index) => {\r\n    file.children[0].addEventListener(\"change\", handleOnChangeFile);\r\n});\r\n\r\nfunction handleOnChangeFile(e) {\r\n    var filename = e.target.files[0].name;\r\n    e.target.parentNode.parentNode.children[1].innerText = filename;\r\n}'),
(17, 'Radio Input', 8, '<div class=\"radio-cont\">\r\n    <label>\r\n        <input type=\"radio\" name=\"radio\" checked />\r\n        <span class=\"check\"></span>\r\n        <span>HTML</span>\r\n    </label>\r\n    <label>\r\n        <input type=\"radio\" name=\"radio\" />\r\n        <span class=\"check\"></span>\r\n        <span>CSS</span>\r\n    </label>\r\n    <label>\r\n        <input type=\"radio\" name=\"radio\" />\r\n        <span class=\"check\"></span>\r\n        <span>JavaScript</span>\r\n    </label>\r\n</div>', '.radio-cont {\r\n    display: flex;\r\n    flex-direction: column;\r\n    flex-wrap: wrap;\r\n    gap: 10px;\r\n    color: rgb(0, 0, 0);\r\n}\r\n.radio-cont label {\r\n    display: flex;\r\n    align-items: center;\r\n    gap: 13px;\r\n    width: fit-content;\r\n    cursor: pointer;\r\n    padding: 7px 9px;\r\n    border-radius: 50px;\r\n    position: relative;\r\n    transition: .2s;\r\n}\r\n.radio-cont label:hover {\r\n    background-color: rgb(0, 0, 0, .1);\r\n}\r\n.radio-cont .check {\r\n    content: \'\';\r\n    width: 20px;\r\n    height: 20px;\r\n    border-radius: 50em;\r\n    border: 2px solid #5549F1;\r\n    position: absolute;\r\n    box-sizing: border-box;\r\n    transition: .2s linear;\r\n}\r\n.radio-cont input[type=\"radio\"] {\r\n    visibility:hidden;\r\n}\r\n.radio-cont input[type=\"radio\"]:checked + .check {\r\n    border: 6px solid #5549F1;\r\n}', ''),
(18, 'Footer', 5, '<footer class=\"footer\">\r\n    <div class=\"cont\">\r\n        <div class=\"row\">\r\n            <div>\r\n                <h2>Avabucks Society</h2>\r\n                <p>Lorem ipsum dolor, sit amet consectetur adipisicing elit. Ipsam et est id sunt iusto earum molestiae praesentium.</p>\r\n            </div>\r\n            <div>\r\n                <h4>Pages</h4>\r\n                <ul>\r\n                    <li><a href=\"#\">About Us</a></li>\r\n                    <li><a href=\"#\">Our Services</a></li>\r\n                    <li><a href=\"#\">Privacy & Policy</a></li>\r\n                    <li><a href=\"#\">Affiliate Program</a></li>\r\n                </ul>  \r\n            </div>\r\n            <div>\r\n                <h4>Help</h4>\r\n                <ul>\r\n                    <li><a href=\"#\">FAQ</a></li>\r\n                    <li><a href=\"#\">Shipping</a></li>\r\n                    <li><a href=\"#\">Order Status</a></li>\r\n                    <li><a href=\"#\">Payouts</a></li>\r\n                    <li><a href=\"#\">Payments Options</a></li>\r\n                </ul>    \r\n            </div>\r\n            <div>\r\n                <h4>Social</h4>\r\n                <div class=\"socialButton\">\r\n                    <a><i class=\'bx bxl-instagram-alt\'></i></a>\r\n                    <a><i class=\'bx bxl-facebook\'></i></a>\r\n                    <a><i class=\'bx bxl-twitter\'></i></a>\r\n                    <a><i class=\'bx bxl-discord-alt\'></i></a>\r\n                </div>\r\n            </div>\r\n        </div>\r\n    </div>\r\n    <div class=\"copyright\">\r\n        <p>Copyright © 2022 All Right Reserved</p>\r\n    </div>\r\n</footer>', '/* ===== Boxicons CSS ===== */\r\n@import url(\"https://unpkg.com/boxicons@2.1.1/css/boxicons.min.css\");\r\n\r\n.footer * {\r\n    box-sizing: border-box;\r\n}\r\n.footer {\r\n    padding: 70px 0 0;\r\n    background-color: rgb(30, 30, 30);\r\n    box-sizing: border-box;\r\n    width: 100%;\r\n    font-size: 1em;\r\n}\r\n.footer .cont {\r\n    max-width: 1170px;\r\n    margin: auto;\r\n}\r\n.footer .row {\r\n    display: flex;\r\n    flex-wrap: wrap;\r\n    width: 100%;\r\n    color: rgb(255, 255, 255, 1);\r\n}\r\n.footer .row > div:nth-child(1) {\r\n    width: 35%;\r\n}\r\n.footer .row > div {\r\n    width: 20%;\r\n    padding: 0 25px;\r\n    display: flex;\r\n    flex-direction: column;\r\n    gap: 15px;\r\n    flex-grow: 1;\r\n}\r\n\r\n.footer .row p {\r\n    margin: 20px 0;\r\n    color: rgb(255, 255, 255, .8);\r\n    font-size: .9em;\r\n    line-height: 1.8em;\r\n}\r\n\r\n.footer .row h4 {\r\n    background-color: rgb(118, 109, 244, .2);\r\n    color: rgb(118, 109, 244, 1);\r\n    width: fit-content;\r\n    border-radius: 7px;\r\n    padding: 5px 10px;\r\n    font-weight: 600;\r\n}\r\n\r\n.footer .row ul,\r\n.footer .row li {\r\n    list-style-type: none;\r\n    padding-left: 0;\r\n    margin: 15px 0;\r\n    transition: .3s;\r\n    overflow: hidden;\r\n}\r\n\r\n.footer .row li {\r\n    transform: translateX(-15px);\r\n}\r\n.footer .row li::before {\r\n    content: \'\';\r\n    position: absolute;\r\n    top: 50%;\r\n    transform: translateY(-50%);\r\n	width: 0;\r\n	height: 0;\r\n	border-top: 5px solid transparent;\r\n	border-left: 8px solid rgb(118, 109, 244);\r\n	border-bottom: 5px solid transparent;\r\n}\r\n.footer .row li:hover {\r\n    transform: translateX(0);\r\n}\r\n.footer .row ul a {\r\n    text-decoration: none;\r\n    color: rgb(255, 255, 255, .8);\r\n    margin-left: 15px;\r\n}\r\n\r\n.footer .row .socialButton {\r\n    display: flex;\r\n    align-items: center;\r\n    gap: 25px;\r\n    cursor: pointer;\r\n    width: fit-content;\r\n    margin-top: 30px;\r\n}\r\n.footer .row .socialButton i {\r\n    font-size: 1.9em;\r\n    text-decoration: none;\r\n    color: rgb(255, 255, 255);\r\n    transition: .3s;\r\n    opacity: .5;\r\n    transform: translateY(0);\r\n}\r\n.footer .row .socialButton i:hover {\r\n    opacity: 1;\r\n    transform: translateY(-4px);\r\n}\r\n\r\n.footer .copyright {\r\n    display: flex;\r\n    align-items: center;\r\n    justify-content: center;\r\n    margin-top: 40px;\r\n    height: 80px;\r\n    background-color: rgb(10, 10, 10);\r\n    color: rgb(255, 255, 255, .7);\r\n    font-size: .8em;\r\n}\r\n\r\n/* Responsive */\r\n@media only screen and (max-width: 1170px) {\r\n\r\n    .footer .row > div {\r\n        width: 50% !important;\r\n        margin-bottom: 30px;\r\n    }\r\n\r\n}\r\n@media only screen and (max-width: 574px) {\r\n    \r\n    .footer .row > div {\r\n        width: 100% !important;\r\n    }\r\n\r\n}', ''),
(19, 'Button Hover Effect', 1, '<button class=\"btn-more\">\r\n    Learn More\r\n    <i class=\'bx bx-right-arrow-alt\'></i>\r\n</button>', '/* ===== Boxicons CSS ===== */\r\n@import url(\"https://unpkg.com/boxicons@2.1.1/css/boxicons.min.css\");\r\n\r\n.btn-more {\r\n    position: relative;\r\n    display: inline-block;\r\n    min-width: 180px;\r\n    padding: 15px 10px;\r\n    background-color: #5549F1;\r\n    font-weight: 400;\r\n    color: #fff;\r\n    font-size: 1em;\r\n    letter-spacing: .1px;\r\n    border: none;\r\n    border-radius: 10px;\r\n    cursor: pointer;\r\n    transition: .3s;\r\n}\r\n.btn-more:hover {\r\n    background-color: #463bd4;\r\n    padding-right: 30px;\r\n}\r\n\r\n.btn-more i {\r\n    position: absolute;\r\n    top: 50%;\r\n    transform: translate(-10px, -50%);\r\n    display: inline-block;\r\n    font-size: 20px;\r\n    opacity: 0;\r\n    transition: .3s;\r\n}\r\n.btn-more:hover i {\r\n    transform: translate(5px, -50%);\r\n    opacity: 1;\r\n}', ''),
(20, 'Button Hover Effect', 1, '<a href=\"#\" class=\"btn-outline-animated\">\r\n    Learn More\r\n</a>', '.btn-outline-animated {\r\n    text-decoration: none;\r\n    font-size: 1em;\r\n    color: #5549F1;\r\n    padding: 10px 30px;\r\n    border: 2px solid #5549F1;\r\n    position: relative;\r\n    transition: .5s;\r\n}\r\n.btn-outline-animated::before,\r\n.btn-outline-animated::after {\r\n    content: \'\';\r\n    position: absolute;\r\n    width: 40px;\r\n    height: 40px;\r\n    border: inherit;\r\n    transition: .5s;\r\n}\r\n.btn-outline-animated::before {\r\n    top: -10px;\r\n    left: -10px;\r\n    border-width: 2px 0 0 2px;\r\n}\r\n.btn-outline-animated::after {\r\n    bottom: -10px;\r\n    right: -10px;\r\n    border-width: 0 2px 2px 0;\r\n}\r\n\r\n.btn-outline-animated:hover::before,\r\n.btn-outline-animated:hover::after {\r\n    width: calc(100% + 18px);\r\n    height: calc(100% + 18px);\r\n}', ''),
(21, 'Floating Input', 2, '<div class=\"input-container\">\r\n    <input type=\"text\" id=\"username\" placeholder=\"Enter your username\" />\r\n    <label class=\"label\" for=\"username\">Username</label>\r\n</div>', '.input-container * {\r\n    box-sizing: border-box;\r\n}\r\n.input-container {\r\n    position: relative;\r\n    width: 250px;\r\n}\r\n.input-container label {\r\n    position: absolute;\r\n    left: 15px;\r\n    top: 15px;\r\n    transition: .2s;\r\n    z-index: 1;\r\n    color: rgb(0, 0, 0, .5);\r\n    font-size: 1em;\r\n    cursor: text;\r\n}\r\n.input-container input {\r\n    padding: 0.8rem;\r\n    width: 100%;\r\n    height: 100%;\r\n    border: 2px solid rgb(0, 0, 0, .3);\r\n    background: rgb(0, 0, 0, 0);\r\n    outline: none;\r\n    border-radius: 5px;\r\n    font-size: 1em;\r\n    transition: .3s;\r\n    color: rgb(0, 0, 0);\r\n}\r\n.input-container label:before {\r\n    content: \'\';\r\n    height: 5px;\r\n    background: #F1F1F1; /* It must be the same as the background */\r\n    position: absolute;\r\n    left: 0;\r\n    top: 10px;\r\n    width: 100%;\r\n    z-index: -1;\r\n}\r\n.input-container input:not(:placeholder-shown),\r\n.input-container input:focus {\r\n    border: 2px solid #5549F1;\r\n}\r\n.input-container input:not(:placeholder-shown) + label,\r\n.input-container input:focus + label {\r\n    top: -10px;\r\n    color: #5549F1;\r\n    font-size: 14px;\r\n}\r\n.input-container input::placeholder {\r\n    font-size: 16px;\r\n    opacity: 0;\r\n    transition: .3s;\r\n}\r\n.input-container input:focus::placeholder {\r\n    opacity: 1;\r\n}', ''),
(22, 'Social Buttons', 13, '<div class=\"social-button\">\r\n    <span><i class=\"bx bx-share\"></i>Share</span>\r\n    <a href=\"#\"><i class=\'bx bxl-instagram-alt\'></i></a>\r\n    <a href=\"#\"><i class=\'bx bxl-facebook\'></i></a>\r\n    <a href=\"#\"><i class=\'bx bxl-twitter\'></i></a>\r\n    <a href=\"#\"><i class=\'bx bxl-discord-alt\'></i></a>\r\n</div>', '/* ===== Boxicons CSS ===== */\r\n@import url(\"https://unpkg.com/boxicons@2.1.1/css/boxicons.min.css\");\r\n\r\n.social-button {\r\n    width: 280px;\r\n    height: 60px;\r\n    border-radius: 7px;\r\n    display: flex;\r\n    overflow: hidden;\r\n    position: relative;\r\n    cursor: pointer;\r\n    transition: 1s;\r\n}\r\n.social-button:hover {\r\n    background: rgb(200, 200, 200);\r\n}\r\n\r\n.social-button span {\r\n    position: absolute;\r\n    width: 100%;\r\n    height: 100%;\r\n    background: #5549F1;\r\n    color: #fff;\r\n    display: flex;\r\n    align-items: center;\r\n    justify-content: center;\r\n    gap: 10px;\r\n    z-index: 999;\r\n    transition: .4s;\r\n    border-radius: 10px;\r\n    font-size: 1em;\r\n}\r\n.social-button span i {\r\n    font-size: 1.2em;\r\n}\r\n.social-button:hover span {\r\n  transform: translateX(-100%);\r\n  transition-delay: .1s;\r\n}\r\n\r\n.social-button a {\r\n    display: flex;\r\n    align-items: center;\r\n    justify-content: center;\r\n    text-decoration: none;\r\n    flex-grow: 1;\r\n    font-size: 1.7em;\r\n    color: rgb(20, 20, 20, .9);\r\n    text-align: center;\r\n    transform: translateX(-100%);\r\n    opacity: 0;\r\n    transition: 0.3s;\r\n}\r\n.social-button:hover a {\r\n    opacity: .7;\r\n    transform: translateX(0);\r\n}\r\n.social-button a:hover {\r\n    opacity: 1;\r\n}\r\n\r\n.social-button a:nth-of-type(1) {\r\n    transition-delay: .6s;\r\n}\r\n.social-button a:nth-of-type(2) {\r\n    transition-delay: .5s;\r\n}\r\n.social-button a:nth-of-type(3) {\r\n    transition-delay: .4s;\r\n}\r\n.social-button a:nth-of-type(4) {\r\n    transition-delay: .3s;\r\n}', ''),
(23, 'Image Slideshow', 14, '<div class=\"slide-show\">\r\n    <!-- Add as many \"slide\" divs as there are images -->\r\n    <div class=\"slide\">\r\n        <img src=\"https://picsum.photos/id/249/1920/1080\" alt=\"\">\r\n    </div>\r\n    <div class=\"slide\">\r\n        <img src=\"https://picsum.photos/id/299/1920/1080\" alt=\"\">\r\n    </div>\r\n    <div class=\"slide\">\r\n        <img src=\"https://picsum.photos/id/193/1920/1080\" alt=\"\">\r\n    </div>\r\n</div>', '.slide-show {\r\n    position: relative;\r\n    background-color: rgb(20, 20, 20);\r\n    height: 70vh; /* Change this value */\r\n    width: 100%; /* Change this value */\r\n    overflow: hidden;\r\n}\r\n/* Shadow over images */\r\n.slide-show::after {\r\n    content: \';\r\n    position: absolute;\r\n    inset: 0;\r\n    z-index: 10;\r\n    background-color: rgb(0, 0, 0, .2);\r\n}\r\n\r\n.slide-show .content h1 {\r\n    font-size: 2.9em;\r\n    line-height: 1.4em;\r\n    width: 900px;\r\n    text-align: center;\r\n}\r\n.slide-show .content p {\r\n    font-size: .9em;\r\n    letter-spacing: .1px;\r\n    width: 900px;\r\n    text-align: center;\r\n    opacity: .8;\r\n}\r\n.slide-show .content > div {\r\n    display: flex;\r\n    gap: 10px;\r\n    margin-top: 25px;\r\n}\r\n\r\n.slide-show .slide {\r\n    position: absolute;\r\n    inset: 0;\r\n    opacity: 0;\r\n    animation: loop 8s; /* Change image every 8 seconds */\r\n}\r\n\r\n.slide-show .slide img {\r\n    width: 100%;\r\n    height: 100%;\r\n    object-fit: cover;\r\n    object-position: center;\r\n}\r\n\r\n@keyframes loop {\r\n    0% { opacity: 0; }\r\n    30% { opacity: 1; }\r\n    50% { transform: scale(1.05); }\r\n    70% { opacity: 1; }\r\n    100% { transform: scale(1.05); opacity: 0; }\r\n}', 'let slideIndex = 0;\r\nshowSlides();\r\n\r\nfunction showSlides() {\r\n    const slides = document.querySelectorAll(\".slide\");\r\n    slides.forEach((slide, index) => {\r\n        slide.style.display = \"none\";\r\n    });\r\n    slideIndex++;\r\n    if (slideIndex > slides.length) {slideIndex = 1}    \r\n    slides[slideIndex-1].style.display = \"block\";  \r\n    setTimeout(showSlides, 8000); // Change image every 8 seconds\r\n}'),
(24, 'Banner', 7, '<div class=\"announcement-cont\">\r\n    <div>\r\n        <p>Love HTML? Check out this new course!</p>\r\n        <div class=\"link\">Learn More<i class=\'bx bx-right-arrow-alt\'></i></div>\r\n    </div>\r\n    <button class=\"close\"><i class=\'bx bx-x\'></i></button>\r\n</div>', '/* ===== Boxicons CSS ===== */\r\n@import url(\"https://unpkg.com/boxicons@2.1.1/css/boxicons.min.css\");\r\n\r\n.announcement-cont {\r\n    position: fixed;\r\n    top: 0;\r\n    display: flex;\r\n    align-items: center;\r\n    justify-content: center;\r\n    width: 100%;\r\n    height: 55px;\r\n    font-size: .9rem;\r\n    background-color: #5549F1;\r\n    color: rgb(255, 255, 255);\r\n    gap: 10px;\r\n    transform-origin: top;\r\n    transition: .3s;\r\n}\r\n\r\n.announcement-cont > div {\r\n    display: flex;\r\n    align-items: center;\r\n    gap: 20px;\r\n}\r\n\r\n.announcement-cont .link {\r\n    position: relative;\r\n    display: flex;\r\n    align-items: center;\r\n    font-size: 1em;\r\n    color: rgb(255, 255, 255);\r\n    opacity: .7;\r\n    cursor: pointer;\r\n    line-height: 30px;\r\n    transition: .3s;\r\n}\r\n.announcement-cont .link:hover {\r\n    opacity: .9;\r\n}\r\n\r\n.announcement-cont .link i {\r\n    font-size: 1.2rem;\r\n}\r\n\r\n.announcement-cont .close {\r\n    position: absolute;\r\n    top: 50%;\r\n    transform: translateY(-50%);\r\n    right: 20px;\r\n    background-color: rgb(40, 40, 40, .1);\r\n    color: rgb(255, 255, 255);\r\n    border-radius: .5em;\r\n    border: none;\r\n    cursor: pointer;\r\n    display: flex;\r\n    align-items: center;\r\n    justify-content: center;\r\n    width: 30px;\r\n    height: 30px;\r\n    font-size: 1.5rem;\r\n    transition: .3s;\r\n}\r\n.announcement-cont .close i {\r\n    pointer-events: none;\r\n}\r\n.announcement-cont .close:hover {\r\n    background-color: rgb(40, 40, 40, .2);\r\n}\r\n\r\n.hide {\r\n    opacity: 0;\r\n    pointer-events: none;\r\n}\r\n\r\n@media only screen and (max-width: 830px) {\r\n    .announcement-cont {\r\n        justify-content: flex-start;\r\n    }\r\n    .announcement-cont > div {\r\n        align-items: flex-start;\r\n        justify-content: center;\r\n        flex-direction: column;\r\n        gap: 0;\r\n        padding-inline: 15px;\r\n    }\r\n}', 'const closes = document.querySelectorAll(\".close\");\r\ncloses.forEach((close, index) => {\r\n    close.addEventListener(\"click\", handleOnClickClose);\r\n});\r\n\r\nfunction handleOnClickClose(e) {\r\n    e.target.parentNode.classList.add(\"hide\");\r\n}'),
(25, 'Card Hover Effect', 3, '<div class=\"card-animation-cont\">\r\n  <div class=\"card\">\r\n      <img src=\"https://picsum.photos/id/736/1080/1200\" alt=\"\">\r\n      <div class=\"info\">\r\n          <strong>Empire State Building</strong>\r\n          <span class=\"sub-title\">New York Skyscraper</span>\r\n          <hr>\r\n          <div class=\"hide-info\">\r\n              <span class=\"text\">\r\n                  The major radio station for sending messages back home during war times. Now is simply as a billboard advertising space.\r\n                  <a href=\"#\">Learn More</a>\r\n              </span>\r\n          </div>\r\n      </div>\r\n  </div>\r\n</div>', '.card-animation-cont {\r\n  display: grid;\r\n}\r\n.card-animation-cont .card {\r\n    position: relative;\r\n    height: 300px;\r\n    width: 270px;\r\n    overflow: hidden;\r\n    border-radius: 10px;\r\n    border: 1px solid rgb(200, 200, 200);\r\n}\r\n/* Shadow over images */\r\n.card-animation-cont .card::after {\r\n    content: \'\';\r\n    position: absolute;\r\n    inset: 0;\r\n    z-index: 10;\r\n    background-color: rgb(0, 0, 0, .5);\r\n    z-index: 1;\r\n    transition: .3s cubic-bezier(0.455, 0.030, 0.515, 0.955);\r\n}\r\n\r\n.card-animation-cont .card img {\r\n    width: 100%;\r\n    height: 100%;\r\n    object-fit: cover;\r\n    transform-origin: bottom;\r\n    transition: .3s cubic-bezier(0.455, 0.030, 0.515, 0.955);\r\n}\r\n\r\n.card-animation-cont .card .info {\r\n    position: absolute;\r\n    box-sizing: border-box;\r\n    bottom: 0;\r\n    background-color: rgb(255, 255, 255);\r\n    z-index: 2;\r\n    width: 100%;\r\n    height: 75%;\r\n    display: flex;\r\n    flex-direction: column;\r\n    padding: 18px;\r\n    text-decoration: none;\r\n    color: rgb(20, 20, 20);\r\n    border-radius: 10px;\r\n    transform: translateY(67%); /* Change this property */\r\n    transition: .3s cubic-bezier(0.455, 0.030, 0.515, 0.955);\r\n}\r\n.card-animation-cont .card .info strong {\r\n    font-size: 1rem;\r\n    text-transform: uppercase;\r\n}\r\n.card-animation-cont .card .info .sub-title {\r\n    font-size: .8rem;\r\n    opacity: .7;\r\n    margin-top: 5px;\r\n    font-weight: 500;\r\n}\r\n\r\n.card-animation-cont .card .info hr {\r\n    margin: 15px;\r\n    border: none;\r\n    border-bottom: 1px solid rgb(0, 0, 0, .2);\r\n}\r\n\r\n.card-animation-cont .card .hide-info {\r\n    transform: translateY(25px);\r\n    opacity: 0;\r\n    transition: .4s;\r\n    transition-delay: .3s;\r\n    font-size: .9rem;\r\n    line-height: 1.4rem;\r\n}\r\n.card-animation-cont .card .hide-info a {\r\n    position: relative;\r\n    top: 3px;\r\n    color: #766DF4;\r\n    text-decoration: none;\r\n    font-weight: 600;\r\n    transition: .3s;\r\n}\r\n.card-animation-cont .card .hide-info a:hover {\r\n    color: #5549F1;\r\n}\r\n\r\n.card-animation-cont .card:hover > .info {\r\n    transform: translateY(0);\r\n}\r\n.card-animation-cont .card:hover > img {\r\n    transform: scale(1.2);\r\n}\r\n.card-animation-cont .card:hover::after {\r\n    background-color: rgb(0, 0, 0, .7);\r\n}\r\n.card-animation-cont .card:hover .hide-info {\r\n    opacity: 1;\r\n    transform: translateY(0);\r\n}', ''),
(26, 'Floating Buttons', 1, '<div class=\"floating-butt\">\r\n    <input type=\"checkbox\" id=\"add\" />\r\n    <label for=\"add\">\r\n        <div class=\"hide-butt\">\r\n            <div><i class=\'bx bx-message-add\'></i></div>\r\n            <div><i class=\'bx bx-folder-plus\'></i></div>\r\n            <div><i class=\'bx bx-image-add\'></i></div>\r\n        </div>\r\n        <div class=\"butt\"><i class=\'bx bx-plus\'></i></div>\r\n    </label>\r\n</div>', '/* ===== Boxicons CSS ===== */\r\n@import url(\"https://unpkg.com/boxicons@2.1.1/css/boxicons.min.css\");\r\n\r\n.floating-butt {\r\n    position: fixed;\r\n    right: 20px;\r\n    bottom: 20px;    \r\n}\r\n\r\n.floating-butt input[type=checkbox]{\r\n    height: 0;\r\n    width: 0;\r\n    visibility: hidden;\r\n}\r\n.floating-butt label {\r\n    display: flex;\r\n    flex-direction: column;\r\n    gap: 10px;\r\n    align-items: center;\r\n    pointer-events: none;\r\n}\r\n\r\n.floating-butt > label div {\r\n    display: flex;\r\n    align-items: center;\r\n    justify-content: center;\r\n    border-radius: 50rem;\r\n    cursor: pointer;\r\n}\r\n.floating-butt .butt {\r\n    height: 60px;\r\n    width: 60px;\r\n    background-color: #5549F1;\r\n    color: #fff;\r\n    font-size: 1.5rem;\r\n    transition: .3s;\r\n    box-shadow: 0 1px 3px 3px rgb(80, 80, 80, .1);\r\n    pointer-events: all;\r\n}\r\n.floating-butt .butt:hover {\r\n    background-color: #6156f5;\r\n}\r\n\r\n.floating-butt .hide-butt {\r\n    display: flex;\r\n    flex-direction: column;\r\n    gap: 10px;\r\n    align-items: center;\r\n    transform: translateY(20px);\r\n    transition: .3s;\r\n    opacity: 0;\r\n}\r\n\r\n.floating-butt .hide-butt > div {\r\n    height: 50px;\r\n    width: 50px;\r\n    background-color: rgb(245, 245, 245);\r\n    color: rgb(0, 0, 0);\r\n    font-size: 1.3rem;\r\n    transition: .3s;\r\n    box-shadow: 0 1px 2px 2px rgb(80, 80, 80, .1);\r\n}\r\n.floating-butt .hide-butt > div:hover {\r\n    background-color: rgb(200, 200, 200);\r\n}\r\n\r\n.floating-butt input:checked + label {\r\n    pointer-events: all;\r\n}\r\n.floating-butt input:checked + label .butt {\r\n    transform: scale(.95) rotate(-135deg);\r\n}\r\n.floating-butt input:checked + label .hide-butt {\r\n    opacity: 1;\r\n    transform: translateY(0);\r\n}', ''),
(27, 'Button Fill Background', 1, '<div class=\"butt-cont\">\r\n    <button class=\"button-fill fill-left\">\r\n        Left Animation\r\n    </button>\r\n    <button class=\"button-fill fill-right\">\r\n        Right Animation\r\n    </button>\r\n    <button class=\"button-fill fill-top\">\r\n        Top Animation\r\n    </button>\r\n    <button class=\"button-fill fill-bottom\">\r\n        Bottom Animation\r\n    </button>\r\n</div>', '.butt-cont {\r\n    display: grid;\r\n    grid-template-columns: repeat(2, 180px);\r\n    gap: 30px;\r\n}\r\n\r\n.button-fill {\r\n    display: flex;\r\n    justify-content: center;\r\n    align-items: center;\r\n    width: 180px;\r\n    height: 45px;\r\n    border: none;\r\n    cursor: pointer;\r\n    background-color: transparent;\r\n    color: rgb(0, 0, 0, .9);\r\n    outline: 2px solid rgb(0, 0, 0, .7);\r\n    font-size: 1em;\r\n    position: relative;\r\n    transition: .3s;\r\n    border-radius: 4px;\r\n}\r\n.button-fill::after {\r\n    content: \'\';\r\n    position: absolute;\r\n    left: 0;\r\n    top: 0;\r\n    width: 100%;\r\n    height: 100%;\r\n    background-color: #5549F1;\r\n    z-index: -1;\r\n    transition: .3s;\r\n}\r\n\r\n.fill-left::after {\r\n    transform: scaleX(0);\r\n    transform-origin: left;\r\n}\r\n.fill-right::after {\r\n    transform: scaleX(0);\r\n    transform-origin: right;\r\n}\r\n.fill-top::after {\r\n    transform: scaleY(0);\r\n    transform-origin: top;\r\n}\r\n.fill-bottom::after {\r\n    transform: scaleY(0);\r\n    transform-origin: bottom;\r\n}\r\n\r\n.button-fill:hover {\r\n    outline: 2px solid rgb(85, 73, 241);\r\n    color: #fff;\r\n}\r\n.button-fill:hover::after {\r\n    transform: scale(1, 1);\r\n}\r\n\r\n@media only screen and (max-width: 830px) {\r\n\r\n    .butt-cont {\r\n        grid-template-columns: repeat(1, 180px);\r\n    }\r\n\r\n}', ''),
(28, 'Card Fill Background', 3, '<div class=\"card-cont\">\r\n    <!-- Duplicate the following div to add cards -->\r\n    <div class=\"card\">\r\n        <div><i class=\'bx bxs-dashboard\'></i></div>\r\n        <strong>Dashboard</strong>\r\n        <p>Lorem ipsum dolor sit amet, consectetur adipisicing elit, sed do eiusmod tempor incididunt ut labore et dolore magna aliqua.</p>\r\n    </div>\r\n\r\n    <div class=\"card\">\r\n        <div><i class=\'bx bxs-shield-alt-2\'></i></div>\r\n        <strong>Shield</strong>\r\n        <p>Lorem ipsum dolor sit amet, consectetur adipisicing elit, sed do eiusmod tempor incididunt ut labore et dolore magna aliqua.</p>\r\n    </div>\r\n\r\n</div>', '/* ===== Boxicons CSS ===== */\r\n@import url(\"https://unpkg.com/boxicons@2.1.1/css/boxicons.min.css\");\r\n\r\n.card-cont {\r\n    margin: 0 auto;\r\n    display: flex;\r\n    gap: 40px;\r\n}\r\n.card-cont .card {\r\n    display: flex;\r\n    align-items: center;\r\n    justify-content: center;\r\n    flex-direction: column;\r\n    gap: 40px;\r\n    width: 250px;\r\n    height: 400px;\r\n    border-radius: 7px;\r\n    background-color: rgb(230, 230, 230);\r\n    color: rgb(0, 0, 0);\r\n    cursor: pointer;\r\n    transition: .4s;\r\n    overflow: hidden;\r\n}\r\n.card-cont .card:hover {\r\n    box-shadow: 0 0 15px 5px rgb(100, 100, 100, .2);\r\n    transform: translateY(-10px);\r\n}\r\n\r\n.card-cont .card strong {\r\n    font-size: 1.1em;\r\n}\r\n.card-cont .card p {\r\n    font-size: .9em;\r\n    opacity: .8;\r\n    margin-top: -25px;\r\n    height: 110px;\r\n    width: 190px;\r\n    line-height: 1.5em;\r\n    text-align: center;\r\n}\r\n\r\n.card-cont .card > div {\r\n    position: relative;\r\n    width: 110px;\r\n    height: 110px;\r\n    display: flex;\r\n    align-items: center;\r\n    justify-content: center;\r\n    border-radius: 50em;\r\n    outline: 3px solid rgb(85, 73, 241);\r\n    outline-offset: 5px;\r\n}\r\n.card-cont .card > div i {\r\n    z-index: 1;\r\n    font-size: 2.7em;\r\n    color: rgb(85, 73, 241);\r\n}\r\n\r\n.card-cont .card > div::after {\r\n    content: \'\';\r\n    position: absolute;\r\n    width: 100%;\r\n    height: 100%;\r\n    top: 0;\r\n    left: 0;\r\n    background-color: rgb(85, 73, 241);\r\n    opacity: .3;\r\n    transition: .4s;\r\n    border-radius: 50em;\r\n    z-index: 0;\r\n}\r\n.card-cont .card:hover > div::after {\r\n    transform: scale(6);\r\n}\r\n\r\n@media only screen and (max-width: 830px) {\r\n\r\n    .card-cont {\r\n        flex-direction: column;\r\n    }\r\n\r\n}', ''),
(29, 'Button 3D Effect', 1, '<div class=\"butt-cont\">\r\n    <button class=\"button-3d top-3d\">\r\n        Top Effect\r\n    </button>\r\n    <button class=\"button-3d bottom-3d\">\r\n        Bottom Effect\r\n    </button>\r\n</div>', '.butt-cont {\r\n    display: grid;\r\n    grid-template-columns: repeat(2, 160px);\r\n}\r\n\r\n.butt-cont .button-3d {\r\n    display: flex;\r\n    align-items: center;\r\n    justify-content: center;\r\n    height: 50px;\r\n    width: 160px;\r\n    border-radius: 10px;\r\n    background-color: #5549F1;\r\n    color: #fff;\r\n    font-size: 1em;\r\n    border: none;\r\n    outline: none;\r\n    cursor: pointer;\r\n    transition: .3s;\r\n}\r\n\r\n/* Top Effect */\r\n.butt-cont .top-3d {\r\n    box-shadow: 0 -5px 0 #463bd4;\r\n}\r\n.butt-cont .top-3d:active {\r\n    box-shadow: 0 0 0 #463bd4;\r\n    transform: translateY(-5px);\r\n}\r\n\r\n/* Bottom Effect */\r\n.butt-cont .bottom-3d {\r\n    box-shadow: 0 5px 0 #463bd4;\r\n}\r\n.butt-cont .bottom-3d:active {\r\n    box-shadow: 0 0 0 #463bd4;\r\n    transform: translateY(5px);\r\n}\r\n\r\n@media only screen and (max-width: 830px) {\r\n\r\n    .butt-cont {\r\n        grid-template-columns: repeat(1, 130px);\r\n    }\r\n\r\n}', ''),
(30, 'Horizontal Menu', 9, '<div class=\"hz-menu\">\r\n    <ul>\r\n      <li><a href=\"#\">Home Page</a></li>\r\n      <li><a href=\"#\">About</a></li>\r\n      <li><a href=\"#\">Services</a></li>\r\n      <li><a href=\"#\">Gallery</a></li>\r\n      <li><a href=\"#\">Contact</a></li>\r\n    </ul>\r\n</div>', '.hz-menu ul {\r\n    font-size: 1em;\r\n    display: flex;\r\n    align-items: center;\r\n    flex-direction: row;\r\n    gap: 20px;\r\n    list-style-type: none;\r\n    padding: 0;\r\n}\r\n\r\n.hz-menu ul li a {\r\n    position: relative;\r\n    font-weight: 500;\r\n    cursor: pointer;\r\n    padding: 12px 15px;\r\n    border-radius: 10px;\r\n    color: rgb(0, 0, 0, .9);\r\n    text-decoration: none;\r\n}\r\n\r\n.hz-menu ul li a::after {\r\n    content: \"\";\r\n    position: absolute;\r\n    left: 0;\r\n    top: 0;\r\n    width: 100%;\r\n    height: 100%;\r\n    transform-origin: center;\r\n    transition: .3s;\r\n    border-radius: 10px;\r\n    background-color: rgb(0, 0, 0, .1);\r\n    z-index: -1;\r\n    transform: scale(.5, .5);\r\n    opacity: 0;\r\n}\r\n\r\n.hz-menu ul li a:hover::after {\r\n    transform: scale(1, 1);\r\n    opacity: 1;\r\n}\r\n\r\n@media only screen and (max-width: 830px) {\r\n\r\n    .hz-menu ul {\r\n        flex-direction: column;\r\n        gap: 35px;\r\n    }\r\n\r\n}', '');
INSERT INTO `tbl_components` (`id`, `title`, `id_category`, `html_code`, `css_code`, `javascript_code`) VALUES
(31, 'Gridlist Card', 3, '<div class=\"gridlist\">\r\n    <div class=\"card\">\r\n        <div class=\"name\">\r\n            <div>\r\n               <strong>Jane Cooper</strong>\r\n               <span>Admin</span>\r\n            </div>\r\n            <span>Regional Paradigm Technician</span>\r\n        </div>\r\n        <div class=\"call-to-action\">\r\n            <div>\r\n                <i class=\'bx bxs-envelope\'></i>\r\n                <span>Email</span>\r\n            </div>\r\n            <div>\r\n                <i class=\'bx bxs-phone\'></i>\r\n                <span>Call</span>\r\n            </div>\r\n        </div>\r\n    </div>\r\n</div>', '/* ===== Boxicons CSS ===== */\r\n@import url(\"https://unpkg.com/boxicons@2.1.1/css/boxicons.min.css\");\r\n\r\n.gridlist {\r\n    display: grid;\r\n    grid-template-columns: repeat(1, 350px);\r\n    gap: 30px;\r\n    margin: 0 auto;\r\n}\r\n\r\n.gridlist .card {\r\n    background-color: rgb(255, 255, 255);\r\n    color: #000;\r\n    border-radius: 8px;\r\n    border: 1px solid rgb(0, 0, 0, .1);\r\n    box-shadow: 0px 1px 3px 1px rgb(50, 50, 50, .1);\r\n}\r\n\r\n.gridlist .card {\r\n    background-color: rgb(255, 255, 255);\r\n    border-radius: 10px;\r\n    font-size: .9em;\r\n}\r\n.gridlist .card .name {\r\n    padding: 22px;\r\n    display: flex;\r\n    flex-direction: column;\r\n    gap: 7px;\r\n    border-bottom: 1px solid rgb(0, 0, 0, .1);\r\n}\r\n.gridlist .card .name strong {\r\n    font-weight: 600;\r\n}\r\n.gridlist .card .name > div span {\r\n    font-size: .8em;\r\n    padding: 4px 7px;\r\n    background-color: rgb(85, 73, 241, .2);\r\n    color: rgb(85, 73, 241);\r\n    border-radius: 50em;\r\n}\r\n.gridlist .card .name span {\r\n    opacity: .8;\r\n}\r\n\r\n.gridlist .card .call-to-action {\r\n    display: flex;\r\n}\r\n\r\n.gridlist .card .call-to-action > div {\r\n    flex-grow: 1;\r\n    display: flex;\r\n    align-items: center;\r\n    justify-content: center;\r\n    height: 55px;\r\n    gap: 8px;\r\n    cursor: pointer;\r\n    transition: .3s;\r\n}\r\n.gridlist .card .call-to-action > div:hover {\r\n    background-color: rgb(0, 0, 0, .1);\r\n}\r\n\r\n.gridlist .card .call-to-action > div i {\r\n    font-size: 1.3em;\r\n    opacity: .6;\r\n}\r\n\r\n@media only screen and (max-width: 830px) {\r\n\r\n    .gridlist {\r\n        grid-template-columns: repeat(1, 300px);\r\n    }\r\n\r\n}', ''),
(32, 'Badge Dotted', 4, '<div class=\"badge-cont\">\r\n    <div class=\"badge red\">\r\n        Badge\r\n    </div>\r\n    <div class=\"badge gold dot\">\r\n        Badge\r\n    </div>\r\n    <div class=\"badge green\">\r\n        Badge\r\n    </div>\r\n    <div class=\"badge blue dot\">\r\n        Badge\r\n    </div>\r\n</div>', '.badge-cont {\r\n    display: flex;\r\n    justify-content: center;\r\n    gap: 15px;\r\n}\r\n.badge-cont .badge {\r\n    padding: 5px 12px;\r\n    border-radius: 50em;\r\n    font-size: .9em;\r\n    position: relative;\r\n    background-color: rgb(var(--badge-color-rgb), .2);\r\n    color: rgb(var(--badge-color-rgb));\r\n}\r\n\r\n.badge.dot {\r\n    padding-left: 25px;\r\n}\r\n.badge.dot::before {\r\n    content: \'\';\r\n    position: absolute;\r\n    left: 12px;\r\n    top: 50%;\r\n    transform: translateY(-50%);\r\n    width: 6px;\r\n    height: 6px;\r\n    background-color: rgb(var(--badge-color-rgb));\r\n    border-radius: 50em;\r\n}\r\n\r\n.badge.red {\r\n    --badge-color-rgb: 164, 22, 26;\r\n}\r\n.badge.gold {\r\n    --badge-color-rgb: 164, 126, 27;\r\n}\r\n.badge.green {\r\n    --badge-color-rgb: 73, 160, 120;\r\n}\r\n.badge.blue {\r\n    --badge-color-rgb: 10, 36, 99;\r\n}', ''),
(33, 'Pulsing Button', 1, '<div class=\"pulsing-button\">\r\n    <i class=\'bx bx-up-arrow-alt\'></i>\r\n</div>', '/* ===== Boxicons CSS ===== */\r\n@import url(\"https://unpkg.com/boxicons@2.1.1/css/boxicons.min.css\");\r\n\r\n.pulsing-button {\r\n    position: relative;\r\n    width: 55px;\r\n    height: 55px;\r\n    background-color: #5549F1;\r\n    color: #F1F1F1;\r\n    cursor: pointer;\r\n    border-radius: 50em;\r\n}\r\n.pulsing-button i {\r\n    position: absolute;\r\n    top: 50%;\r\n    left: 50%;\r\n    transform: translate(-50%, -50%);\r\n    z-index: 5;\r\n    font-size: 1.7em;\r\n    line-height: 50px;\r\n    margin-top: 1px;\r\n}\r\n.pulsing-button::after {\r\n    content: \'\';\r\n    position: absolute;\r\n    width: 55px;\r\n    height: 55px;\r\n    background-color: #5f49f1;\r\n    border-radius: 50em;\r\n    animation: ripple 1.6s ease-out infinite;\r\n}\r\n\r\n@keyframes ripple {\r\n  0%, 35% {\r\n    transform: scale(0);\r\n    opacity: 1;\r\n  }\r\n  50% {\r\n    transform: scale(1.5);\r\n    opacity: 0.8;\r\n  }\r\n  100% {\r\n    opacity: 0;\r\n    transform: scale(2);\r\n  }\r\n}', '');

-- --------------------------------------------------------

--
-- Struttura della tabella `tbl_resources`
--

CREATE TABLE `tbl_resources` (
  `id` int(11) NOT NULL,
  `url_website` mediumtext NOT NULL
) ENGINE=InnoDB DEFAULT CHARSET=utf8mb4;

--
-- Dump dei dati per la tabella `tbl_resources`
--

INSERT INTO `tbl_resources` (`id`, `url_website`) VALUES
(1, 'boxicons.com'),
(2, 'fonts.google.com'),
(3, 'bgjar.com'),
(4, 'undraw.co'),
(5, 'animista.net'),
(6, 'layout.bradwoods.io'),
(7, 'colorhunt.co'),
(8, 'unsplash.com'),
(10, 'iradesign.io'),
(11, 'figma-foundry.com');

--
-- Indici per le tabelle scaricate
--

--
-- Indici per le tabelle `tbl_category`
--
ALTER TABLE `tbl_category`
  ADD PRIMARY KEY (`id`);

--
-- Indici per le tabelle `tbl_components`
--
ALTER TABLE `tbl_components`
  ADD PRIMARY KEY (`id`);

--
-- Indici per le tabelle `tbl_resources`
--
ALTER TABLE `tbl_resources`
  ADD PRIMARY KEY (`id`);

--
-- AUTO_INCREMENT per le tabelle scaricate
--

--
-- AUTO_INCREMENT per la tabella `tbl_category`
--
ALTER TABLE `tbl_category`
  MODIFY `id` int(11) NOT NULL AUTO_INCREMENT, AUTO_INCREMENT=16;

--
-- AUTO_INCREMENT per la tabella `tbl_components`
--
ALTER TABLE `tbl_components`
  MODIFY `id` int(11) NOT NULL AUTO_INCREMENT, AUTO_INCREMENT=34;

--
-- AUTO_INCREMENT per la tabella `tbl_resources`
--
ALTER TABLE `tbl_resources`
  MODIFY `id` int(11) NOT NULL AUTO_INCREMENT, AUTO_INCREMENT=12;
COMMIT;

/*!40101 SET CHARACTER_SET_CLIENT=@OLD_CHARACTER_SET_CLIENT */;
/*!40101 SET CHARACTER_SET_RESULTS=@OLD_CHARACTER_SET_RESULTS */;
/*!40101 SET COLLATION_CONNECTION=@OLD_COLLATION_CONNECTION */;
